seller_id,seller_state,orders,late_orders,late_rate,avg_review,item_value,share_of_all_late_orders,late_rate_decile
4a3ca9315b744ce9f8e9374361493884,SP,1721,170,0.0987797791981406,3.880798590722255,194721.00999999573,0.0311184330953688,3
1f50f920176fa81dab994f9023523100,SP,1375,124,0.0901818181818181,4.171532846715328,105125.88999999894,0.0226981511989749,3
4869f7a5dfa277a7dca6462dcf3b52b2,SP,1114,118,0.1059245960502693,4.16998191681736,225000.3399999982,0.0215998535603148,2
ea8482cd71df3c1969d7b9473ff13abc,SP,1122,96,0.0855614973262032,4.040322580645161,36483.55000000037,0.0175727622185612,3
6560211a19b47992c3666cc44a7e94c0,SP,1801,95,0.0527484730705163,3.991046446558478,120332.81000000008,0.0173897126121178,6
7c67e1448b00f6e969d365cea6b010ab,SP,972,89,0.0915637860082304,3.4989648033126293,187588.72999999984,0.0162914149734578,3
da8622b14eb17ae2831f4ac5b9dab84a,SP,1294,87,0.0672333848531684,4.197204968944099,159434.49999999764,0.0159253157605711,4
cc419e0650a3c5ba77189a1882b7556a,SP,1647,87,0.052823315118397,4.152160681679854,100928.00000000236,0.0159253157605711,6
8b321bb669392f5163d04c59e235e066,SP,918,80,0.0871459694989106,4.12035010940919,17053.6799999999,0.0146439685154676,3
955fee9216a65b617aa5c0531780ce60,SP,1255,77,0.0613545816733067,4.209302325581396,131673.11000000057,0.0140948196961376,5
06a2c3af7b3aee5d69171b0e14f0ee87,MA,388,74,0.190721649484536,4.018229166666667,36030.990000000245,0.0135456708768076,1
1025f0e2d44d7041d6cf58b6550e0bfa,SP,893,72,0.0806270996640537,4.023728813559322,137795.48999999987,0.0131795716639209,4
7d13fca15225358621be4086e1eb0964,SP,556,64,0.1151079136690647,4.045207956600362,113039.89000000014,0.0117151748123741,2
620c87c171fb2a6dd6e8bb4dec959fc6,RJ,718,63,0.0877437325905292,4.313202247191011,112152.89999999924,0.0115321252059308,3
7a67c85e85bb2ce8582c35f2203ad736,SP,1133,60,0.0529567519858782,4.296,139672.79000000164,0.0109829763866007,6
3d871de0142ce09b7081e2b9d1733cb1,SP,1053,58,0.0550807217473884,4.208253358925144,93453.39999999964,0.010616877173714,6
fa1c13f2614d7b5c4749cbc52fecda94,SP,576,53,0.0920138888888889,4.370629370629371,191717.20999999827,0.0097016291414973,3
8160255418d5aaa7dbdc9f4c64ebda44,SP,373,51,0.1367292225201072,3.986449864498645,47492.450000000295,0.0093355299286106,1
391fc6631aebcf3004804e51b40bcf1e,SP,500,44,0.088,4.072289156626506,38717.1900000001,0.0080541826835072,3
1835b56ce799e6a4dc4eddc053f04066,SP,400,43,0.1075,3.702770780856423,33957.06000000019,0.0078711330770638,2
88460e8ebdecbfecb5f9601833981930,PR,232,42,0.1810344827586207,3.4805194805194803,30769.900000000067,0.0076880834706205,1
e9779976487b77c6d4ac45f75ec7afe9,SP,636,39,0.0613207547169811,4.273301737756714,42034.490000000085,0.0071389346512904,5
855668e0971d4dfd7bef1b6a4133b41b,SP,297,38,0.1279461279461279,3.873720136518772,30703.22000000008,0.0069558850448471,2
4e922959ae960d389249c378d1c939f5,SP,412,37,0.0898058252427184,3.963235294117647,45408.40999999999,0.0067728354384038,3
a1043bafd471dff536d0c462352beb48,MG,700,35,0.05,4.276504297994269,99607.34000000075,0.0064067362255171,6
e5a3438891c0bfdb9394643f95273d8e,SP,213,34,0.1596244131455399,4.009433962264151,7478.560000000019,0.0062236866190737,1
218d46b86c1881d022bce9c68a7d4b15,SP,376,33,0.0877659574468085,4.197860962566845,53826.89999999998,0.0060406370126304,3
1900267e848ceeba8fa32d80c1a5f5a8,SP,365,33,0.0904109589041095,3.936111111111111,22971.74000000003,0.0060406370126304,3
897060da8b9a21f655304d50fd935913,SP,300,32,0.1066666666666666,3.727272727272727,22203.07,0.005857587406187,2
16090f2ca825584b5a147ab24aa30c86,SP,397,32,0.0806045340050377,4.086075949367088,25551.15999999995,0.005857587406187,4
cca3071e3e9bb7d12640c9fbe2301306,SP,683,32,0.0468521229868228,3.9330357142857135,63491.72000000042,0.005857587406187,6
8581055ce74af1daba164fdbd55a40de,SP,377,31,0.0822281167108753,4.3111702127659575,63785.62000000024,0.0056745377997437,4
f7ba60f8c3f99e7ee4042fdef03b70c4,SP,216,30,0.1388888888888889,4.25,68187.89,0.0054914881933003,1
46dc3b2cc0980fb8ec44634e21d2718e,RJ,502,29,0.0577689243027888,4.280241935483871,122909.99000000097,0.005308438586857,5
70a12e78e608ac31179aea7f8422044b,SP,311,29,0.0932475884244373,3.812297734627832,29998.330000000005,0.005308438586857,3
77530e9772f57a62c906e1c21538ab82,PR,304,29,0.0953947368421052,4.167763157894737,45490.59000000005,0.005308438586857,3
f8db351d8c4c4c22c6835c19a46f01b0,SP,649,28,0.0431432973805855,4.289473684210527,49779.69000000045,0.0051253889804136,7
d2374cbcbb3ca4ab1086534108cc3ab7,SP,499,27,0.0541082164328657,3.828282828282828,20785.040000000045,0.0049423393739703,6
7ddcbb64b5bc1ef36ca8c151f6ec77df,SP,324,27,0.0833333333333333,4.034267912772585,54265.66999999993,0.0049423393739703,4
fe2032dab1a61af8794248c8196565c9,SP,291,26,0.0893470790378006,4.407665505226481,65745.61000000013,0.004759289767527,3
c826c40d7b19f62a09e2d7c5e7295ee2,SP,346,26,0.0751445086705202,4.130434782608695,44721.84000000001,0.004759289767527,4
c3867b4666c7d76867627c2f7fb22e21,SP,221,25,0.1131221719457013,4.1,33961.900000000016,0.0045762401610836,2
7aa4334be125fcdd2ba64b3180029f14,SP,214,25,0.116822429906542,4.131455399061033,16157.64999999997,0.0045762401610836,2
634964b17796e64304cadf1ad3050fb7,RJ,262,25,0.0954198473282442,4.080152671755725,39492.97999999999,0.0045762401610836,3
ef506c96320abeedfb894c34db06f478,SP,312,25,0.0801282051282051,3.983870967741936,9538.59999999995,0.0045762401610836,4
4c2b230173bb36f9b240f2b8ac11786e,SP,255,24,0.0941176470588235,3.98406374501992,14387.629999999954,0.0043931905546403,3
7142540dd4c91e2237acb7e911c4eba2,SP,316,23,0.0727848101265822,4.047770700636943,37505.730000000185,0.0042101409481969,4
54965bbe3e4f07ae045b90b0b8541f52,PR,73,22,0.3013698630136986,3.1449275362318843,10633.589999999993,0.0040270913417536,1
b2ba3715d723d245138f291a6fe42594,SP,322,22,0.0683229813664596,4.210031347962382,49240.28000000024,0.0040270913417536,4
128639473a139ac0f3e5f5ade55873a5,PR,525,22,0.0419047619047619,4.217726396917149,11865.449999999906,0.0040270913417536,7
53e4c6e0f4312d4d2107a8c9cddf45cd,SP,456,22,0.0482456140350877,4.138766519823789,29714.90000000001,0.0040270913417536,6
2eb70248d66e0e3ef83659f71b244378,SP,186,21,0.1129032258064516,2.7814207650273226,38949.720000000125,0.0038440417353102,2
a49928bcdf77c55c6d6e05e09a9b4ca5,SP,96,21,0.21875,3.03125,8726.789999999986,0.0038440417353102,1
d91fb3b7d041e83b64a00a3edfb37e4f,SP,524,20,0.0381679389312977,4.1365384615384615,39926.39000000005,0.0036609921288669,7
8f2ce03f928b567e3d56181ae20ae952,SP,151,19,0.1258278145695364,4.1466666666666665,21213.200000000008,0.0034779425224235,2
7ad32824caee82087b3e2e5f33b1bf32,SP,144,19,0.1319444444444444,3.900709219858156,22031.18,0.0034779425224235,1
b499c00f28f4b7069ff6550af8c1348a,SP,144,19,0.1319444444444444,4.256944444444445,10124.199999999975,0.0034779425224235,1
2c9e548be18521d1c43cde1c582c6de8,SP,124,19,0.1532258064516129,4.131147540983607,6068.5499999999965,0.0034779425224235,1
cd68562d3f44870c08922d380acae552,SP,122,19,0.1557377049180328,4.016528925619835,18119.7,0.0034779425224235,1
17e34d8224d27a541263c4c64b11a56b,SP,247,19,0.0769230769230769,4.253061224489796,54580.17999999999,0.0034779425224235,4
37515688008a7a40ac93e3b2e4ab203f,SP,221,18,0.0814479638009049,4.127853881278539,5820.899999999995,0.0032948929159802,4
2138ccb85b11a4ec1e37afbd1c8eda1f,SP,383,18,0.0469973890339425,3.9607329842931938,12147.209999999932,0.0032948929159802,6
7e1fb0a3ebfb01ffb3a7dae98bf3238d,SP,155,18,0.1161290322580645,4.189542483660131,26249.33,0.0032948929159802,2
5dceca129747e92ff8ef7a997dc4f8ca,SP,320,18,0.05625,4.022151898734177,111427.62000000016,0.0032948929159802,5
1ca7077d890b907f89be8c954a02686a,SP,108,18,0.1666666666666666,2.392523364485981,12544.339999999998,0.0032948929159802,1
0dd184061fb0eaa7ca37932c68ab91c5,SP,160,17,0.10625,4.050314465408805,18820.62,0.0031118433095368,2
b33e7c55446eabf8fe1a42d037ac7d6d,SP,147,17,0.1156462585034013,4.224489795918367,44007.01,0.0031118433095368,2
a416b6a846a11724393025641d4edd5e,SP,157,17,0.10828025477707,4.2165605095541405,24930.24,0.0031118433095368,2
2e90cb1677d35cfe24eef47d441b7c87,SP,126,16,0.1269841269841269,4.111111111111111,13879.909999999978,0.0029287937030935,2
712e6ed8aa4aa1fa65dab41fed5737e4,SC,77,16,0.2077922077922078,3.3947368421052637,39385.0,0.0029287937030935,1
7d76b645482be4a332374e8223836592,SP,169,16,0.0946745562130177,4.011976047904192,3721.850000000003,0.0029287937030935,3
92eb0f42c21942b6552362b9b114707d,SP,329,16,0.0486322188449848,4.045871559633028,6342.879999999991,0.0029287937030935,6
9f505651f4a6abe901a56cdc21508025,SP,391,16,0.0409207161125319,4.376288659793815,25879.37000000014,0.0029287937030935,7
431af27f296bc6519d890aa5a05fdb11,SP,115,16,0.1391304347826087,3.8157894736842106,12825.389999999978,0.0029287937030935,1
fa40cc5b934574b62717c68f3d678b6d,SP,302,16,0.0529801324503311,4.488372093023256,15877.469999999945,0.0029287937030935,6
7040e82f899a04d1b434b795a43b4617,SP,203,16,0.0788177339901477,3.6417910447761193,9104.19999999998,0.0029287937030935,4
e9bc59e7b60fc3063eb2290deda4cced,PR,203,16,0.0788177339901477,4.1182266009852215,33058.040000000015,0.0029287937030935,4
8b28d096634035667e8263d57ba3368c,SP,137,15,0.1094890510948905,4.051851851851852,9010.299999999992,0.0027457440966501,2
beadbee30901a7f61d031b6b686095ad,SP,63,15,0.238095238095238,3.936507936507936,4338.98,0.0027457440966501,1
54a1852d1b8f10312c55e906355666ee,SP,198,15,0.0757575757575757,4.355329949238579,17074.459999999974,0.0027457440966501,4
522620dcb18a6b31cd7bdf73665113a9,PR,172,15,0.0872093023255814,3.905325443786982,56730.38000000002,0.0027457440966501,3
dd7ddc04e1b6c2c614352b383efe2d36,SP,117,15,0.1282051282051282,3.905172413793104,9075.709999999985,0.0027457440966501,1
dc4a0fc896dc34b0d5bfec8438291c80,SP,221,15,0.0678733031674208,3.83710407239819,24180.31000000004,0.0027457440966501,4
7e93a43ef30c4f03f38b393420bc753a,SP,319,15,0.0470219435736677,4.364779874213837,166805.78000000006,0.0027457440966501,6
1554a68530182680ad5c8b042c3ab563,MG,244,15,0.0614754098360655,4.338842975206612,28953.560000000067,0.0027457440966501,5
59b22a78efb79a4797979612b885db36,MG,123,14,0.1138211382113821,4.0,27117.7,0.0025626944902068,2
4d6d651bd7684af3fffabd5f08d12e5a,SP,362,14,0.0386740331491712,4.232686980609419,43186.79000000022,0.0025626944902068,7
d1c281d3ae149232351cd8c8cc885f0d,SP,206,14,0.0679611650485436,3.843137254901961,27928.770000000088,0.0025626944902068,4
c31eff8334d6b3047ed34bebd4d62c36,SP,118,14,0.1186440677966101,3.88034188034188,12898.419999999982,0.0025626944902068,2
cfb1a033743668a192316f3c6d1d2671,SP,133,14,0.1052631578947368,4.166666666666667,12479.689999999984,0.0025626944902068,2
f262cbc1c910c83959f849465454ddd3,SP,189,14,0.074074074074074,4.180851063829787,10219.759999999964,0.0025626944902068,4
7299e27ed73d2ad986de7f7c77d919fa,MG,332,14,0.0421686746987951,4.430722891566265,34094.97000000003,0.0025626944902068,7
c70c1b0d8ca86052f45a432a38b73958,SP,259,14,0.054054054054054,4.365758754863813,36283.72999999994,0.0025626944902068,6
d20b021d3efdf267a402c402a48ea64b,SP,74,14,0.1891891891891892,3.8493150684931514,3372.9799999999937,0.0025626944902068,1
ede0c03645598cdfc63ca8237acbe73d,SP,43,14,0.3255813953488372,3.571428571428572,2352.15,0.0025626944902068,1
cac4c8e7b1ca6252d8f20b2fc1a2e4af,SP,71,13,0.1830985915492957,3.628571428571429,4145.619999999997,0.0023796448837635,1
4b9750c8ad28220fe6702d4ecb7c898f,SP,215,13,0.0604651162790697,4.367441860465116,15741.599999999948,0.0023796448837635,5
b1fc4f64df5a0e8b6913ab38803c57a9,RJ,106,13,0.1226415094339622,3.8461538461538463,8239.069999999994,0.0023796448837635,2
6973a06f484aacf400ece213dbf3d946,SP,83,13,0.1566265060240964,3.792682926829268,10983.240000000003,0.0023796448837635,1
cbd996ad3c1b7dc71fd0e5f5df9087e2,SP,160,13,0.08125,4.210191082802548,8294.899999999985,0.0023796448837635,4
9c0e69c7bf2619675bbadf47b43f655a,SP,142,13,0.0915492957746478,4.24822695035461,32507.92000000006,0.0023796448837635,3
f45122a9ab94eb4f3f8953578bc0c560,SP,179,13,0.0726256983240223,4.011173184357542,21505.38000000004,0.0023796448837635,4
2a1348e9addc1af5aaa619b1a3679d6b,MG,45,13,0.2888888888888888,3.272727272727273,2607.800000000002,0.0023796448837635,1
e9d99831abad74458942f21e16f33f92,SP,129,13,0.1007751937984496,3.9453125,4883.489999999992,0.0023796448837635,2
a673821011d0cec28146ea42f5ab767f,SP,122,13,0.1065573770491803,4.093220338983051,13218.039999999975,0.0023796448837635,2
8d956fec2e4337affcb520f56fd8cbfd,SP,209,13,0.062200956937799,4.229665071770335,10962.109999999975,0.0023796448837635,5
87142160b41353c4e5fca2360caf6f92,RS,304,12,0.0394736842105263,4.402640264026402,31169.060000000056,0.0021965952773201,7
891071be6ba827b591264c90c2ae8a63,SP,84,12,0.1428571428571428,3.988095238095238,3748.349999999996,0.0021965952773201,1
adbc26658d6c7b4b6219f9d934598091,PR,88,12,0.1363636363636363,4.125,11935.389999999998,0.0021965952773201,1
edb1ef5e36e0c8cd84eb3c9b003e486d,RJ,165,12,0.0727272727272727,4.442424242424242,79292.69999999988,0.0021965952773201,4
440dd6ab244315c632130ecfb63827b1,SP,91,12,0.1318681318681318,3.89010989010989,13123.999999999984,0.0021965952773201,1
de23c3b98a88888289c6f5cc1209054a,SP,161,12,0.0745341614906832,4.291925465838509,26133.97000000004,0.0021965952773201,4
53243585a1d6dc2643021fd1853d8905,BA,348,12,0.0344827586206896,4.19364161849711,217940.43999999983,0.0021965952773201,7
1da3aeb70d7989d1e6d9b0e887f97c23,SP,257,12,0.046692607003891,4.1640625,8666.279999999962,0.0021965952773201,6
ad781527c93d00d89a11eecd9dcad7c1,SP,36,12,0.3333333333333333,3.2777777777777777,5944.6299999999965,0.0021965952773201,1
b2479f944e1b90cf8a5de1bbfde284d6,SP,99,12,0.1212121212121212,3.438775510204082,4699.349999999989,0.0021965952773201,2
de722cd6dad950a92b7d4f82673f8833,PE,335,12,0.035820895522388,4.320359281437126,55006.40000000032,0.0021965952773201,7
001cca7ae9ae17fb1caed9dfb1094831,ES,195,12,0.0615384615384615,4.0625,24569.93000000001,0.0021965952773201,5
ccc4bbb5f32a6ab2b7066a4130f114e3,PR,184,12,0.0652173913043478,4.3224043715847,73185.62000000013,0.0021965952773201,5
76d5af76d0271110f9af36c92573f765,SP,126,12,0.0952380952380952,4.152,31870.92000000002,0.0021965952773201,3
900ba814c251a692506d7834c1218441,SP,86,12,0.1395348837209302,4.226190476190476,29006.180000000008,0.0021965952773201,1
b561927807645834b59ef0d16ba55a24,SP,83,12,0.144578313253012,4.325301204819277,4483.69,0.0021965952773201,1
11bfa66332777660bd0640ee84d47006,SP,76,11,0.1447368421052631,3.9210526315789473,3925.869999999998,0.0020135456708768,1
25c5c91f63607446a97b143d2d535d31,MG,153,11,0.0718954248366013,3.901315789473684,53377.92000000004,0.0020135456708768,4
835f0f7810c76831d6c7d24c7a646d4d,SP,41,11,0.2682926829268293,3.414634146341464,4929.399999999999,0.0020135456708768,1
bbad7e518d7af88a0897397ffdca1979,SP,66,11,0.1666666666666666,3.246153846153846,4449.510000000002,0.0020135456708768,1
f457c46070d02cadd8a68551231220dd,PR,186,11,0.0591397849462365,3.924731182795699,19508.539999999997,0.0020135456708768,5
85d9eb9ddc5d00ca9336a2219c97bb13,MG,498,11,0.0220883534136546,4.228282828282828,15095.489999999889,0.0020135456708768,9
0241d4d5d36f10f80c644447315af0bd,PR,231,11,0.0476190476190476,4.421739130434783,31115.48000000001,0.0020135456708768,6
66922902710d126a0e7d26b0e3805106,MG,149,11,0.0738255033557047,4.52027027027027,14282.199999999995,0.0020135456708768,4
a3a38f4affed601eb87a97788c949667,SC,249,11,0.0441767068273092,4.4089068825910935,26491.1200000001,0.0020135456708768,7
8e6d7754bc7e0f22c96d255ebda59eba,SP,82,11,0.1341463414634146,3.6219512195121952,15027.079999999994,0.0020135456708768,1
6039e27294dc75811c0d8a39069f52c0,SP,63,11,0.1746031746031746,3.73015873015873,13526.979999999983,0.0020135456708768,1
a3e9a2c700480d9bb01fba070ba80a0e,SP,125,11,0.088,4.032520325203252,13567.089999999998,0.0020135456708768,3
48436dade18ac8b2bce089ec2a041202,SP,133,10,0.075187969924812,4.120300751879699,11813.19999999997,0.0018304960644334,4
dbc22125167c298ef99da25668e1011f,MG,388,10,0.0257731958762886,4.328165374677003,32641.25000000018,0.0018304960644334,9
3db66a856d18a9cba7c9241fc5221c50,MG,94,10,0.1063829787234042,4.202127659574468,9498.299999999985,0.0018304960644334,2
c003204e1ab016dfa150abc119207b24,SP,195,10,0.0512820512820512,4.466666666666667,24978.580000000056,0.0018304960644334,6
5656537e588803a555b8eb41f07a944b,DF,171,10,0.0584795321637426,3.8947368421052633,7961.710000000015,0.0018304960644334,5
2e1c9f22be269ef4643f826c9e650a52,SP,160,10,0.0625,4.264150943396227,12169.649999999974,0.0018304960644334,5
004c9cd9d87a3c30c522c48c4fc07416,SP,156,10,0.0641025641025641,4.142857142857143,19669.62999999999,0.0018304960644334,5
ceaec5548eefc6e23e6607c5435102e7,SP,198,10,0.0505050505050505,4.2,51501.07999999995,0.0018304960644334,6
c9c7905cffc4ef9ff9f113554423e671,SP,126,10,0.0793650793650793,4.150793650793651,10746.689999999986,0.0018304960644334,4
4830e40640734fc1c52cd21127c341d4,SP,200,10,0.05,4.24,9475.309999999983,0.0018304960644334,6
0be8ff43f22e456b4e0371b2245e4d01,SP,154,10,0.0649350649350649,4.051948051948052,11386.089999999973,0.0018304960644334,5
ef0ace09169ac090589d85746e3e036f,RJ,127,10,0.0787401574803149,4.425196850393701,16077.79999999998,0.0018304960644334,4
00ee68308b45bc5e2660cd833c3f81cc,SP,134,10,0.0746268656716417,4.323308270676692,20545.89,0.0018304960644334,4
213b25e6f54661939f11710a6fddb871,SP,142,10,0.0704225352112676,3.971631205673759,14995.149999999996,0.0018304960644334,4
ba143b05f0110f0dc71ad71b4466ce92,SP,83,10,0.1204819277108433,4.457831325301205,6033.6999999999925,0.0018304960644334,2
6d66611d7c44cc30ce351abc49a68421,SP,163,9,0.0552147239263803,3.987577639751553,13516.499999999962,0.0016474464579901,5
aac29b1b99776be73c3049939652091d,MG,93,9,0.0967741935483871,4.152173913043479,6658.479999999991,0.0016474464579901,3
527801b552d0077ffd170872eb49683b,SP,90,9,0.1,4.47191011235955,17942.79999999998,0.0016474464579901,2
ef990a83bbea832f36ebe81376335aa8,SC,40,9,0.225,3.75,4154.790000000003,0.0016474464579901,1
34056b8b55c1775a22af2331670a799c,SP,77,9,0.1168831168831168,4.038961038961039,6398.700000000002,0.0016474464579901,2
f3da5b2ff499efb8d4a6d371d175d7dd,SP,75,9,0.12,3.891891891891892,3452.19,0.0016474464579901,2
05f51e13da97139648b8125c31e5f51b,MG,57,9,0.1578947368421052,4.228070175438597,13100.309999999989,0.0016474464579901,1
1c129092bf23f28a5930387c980c0dfc,SP,189,9,0.0476190476190476,4.361702127659575,9111.129999999976,0.0016474464579901,6
972d0f9cf61b499a4812cf0bfa3ad3c4,SC,80,9,0.1125,3.025641025641025,8205.619999999994,0.0016474464579901,2
f84a00e60c73a49e7e851c9bdca3a5bb,RJ,87,9,0.1034482758620689,3.885057471264368,5793.240000000002,0.0016474464579901,2
f46490624488d3ff7ce78613913a7711,SP,80,9,0.1125,3.7625,5690.949999999995,0.0016474464579901,2
6a8b085f816a1f75f92dbac6eb545f8f,SP,123,9,0.073170731707317,4.170731707317073,5812.369999999993,0.0016474464579901,4
6fd52c528dcb38be2eea044946b811f8,SP,67,9,0.1343283582089552,3.393939393939394,7743.020000000001,0.0016474464579901,1
0c8380b62e38e8a1e6adbeba7eb9688c,MG,175,9,0.0514285714285714,4.109826589595376,17171.879999999983,0.0016474464579901,6
e5a38146df062edaf55c38afa99e42dc,SP,119,9,0.0756302521008403,4.0,15231.089999999987,0.0016474464579901,4
41b39e28db005d9731d9d485a83b4c38,SP,183,9,0.0491803278688524,4.19672131147541,16696.379999999965,0.0016474464579901,6
002100f778ceb8431b7a1020ff7ab48f,SP,48,9,0.1875,4.0,1158.8000000000002,0.0016474464579901,1
ea566164622c6b439516ab18062c42cd,SP,50,9,0.18,3.78,10309.419999999998,0.0016474464579901,1
8648b1e89e9b349e32d3741b30ec737e,SP,92,9,0.0978260869565217,4.141304347826087,7234.349999999997,0.0016474464579901,3
850f4f8af5ea87287ac68de36e29107f,SP,185,9,0.0486486486486486,4.313186813186813,45358.27000000007,0.0016474464579901,6
729f06993dac8e860d4f02d7088ca48a,SP,92,9,0.0978260869565217,4.197802197802198,19921.170000000013,0.0016474464579901,3
ececbfcff9804a2d6b40f589df8eef2b,SP,97,9,0.0927835051546391,4.11340206185567,6796.049999999995,0.0016474464579901,3
f84fa566034f5e8e880a07ec624c56af,SP,89,9,0.1011235955056179,4.247191011235955,4993.909999999999,0.0016474464579901,2
6edacfd9f9074789dad6d62ba7950b9c,SP,199,9,0.0452261306532663,4.432160804020101,12751.569999999958,0.0016474464579901,7
b14db04aa7881970e83ffa9426897925,SP,78,8,0.1025641025641025,3.773333333333333,5808.860000000001,0.0014643968515467,2
813348c996469b40f2e028d5429d3495,SP,171,8,0.0467836257309941,4.065476190476191,10794.529999999972,0.0014643968515467,6
0b35c634521043bf4b47e21547b99ab5,PR,46,8,0.1739130434782608,3.488888888888889,13345.699999999995,0.0014643968515467,1
42b729f859728f5079499127a9c2ef37,SP,102,8,0.0784313725490196,4.514851485148514,4106.660000000005,0.0014643968515467,4
1d8dbc4f32378d715c717c1c1fc57bae,PR,90,8,0.0888888888888888,4.068181818181818,11392.41999999999,0.0014643968515467,3
b17b679f4f5ce2e03ce6968c62648246,SP,50,8,0.16,3.98,3424.1799999999994,0.0014643968515467,1
f27e33c6d29b5138fa9967bcd445b6d5,SP,92,8,0.0869565217391304,4.086956521739131,8908.29999999998,0.0014643968515467,3
f5a590cf36251cf1162ea35bef76fe84,SP,113,8,0.0707964601769911,4.274336283185841,51232.78,0.0014643968515467,4
5d0363b33554b373851fc1622e4d5f3c,SP,93,8,0.086021505376344,4.075268817204301,6656.489999999997,0.0014643968515467,3
3c7c4a49ec3c6550809089c6a2ca9370,SP,136,8,0.0588235294117647,3.691176470588236,3965.859999999991,0.0014643968515467,5
2a261b5b644fa05f4f2700eb93544f2c,SP,49,8,0.1632653061224489,3.877551020408163,5418.0,0.0014643968515467,1
562fc2f2c2863ab7e79a9e4388a58a14,SP,252,8,0.0317460317460317,4.248,8697.21999999996,0.0014643968515467,8
602044f2c16190c2c6e45eb35c2e21cb,SP,47,8,0.1702127659574468,3.217391304347826,3559.069999999998,0.0014643968515467,1
abe42c5d03695b4257b5c6cbf4e6784e,RJ,49,8,0.1632653061224489,3.9583333333333335,17000.0,0.0014643968515467,1
70eea00b476a314817cefde4aad4f89a,SP,105,7,0.0666666666666666,4.403846153846154,31357.75000000003,0.0012813472451034,5
643214e62b870443ccbe55ab29a4dccf,SP,65,7,0.1076923076923077,4.4,3229.2300000000023,0.0012813472451034,2
9b013e03b2ab786505a1d3b5c0756754,SP,168,7,0.0416666666666666,4.233532934131737,8720.95999999999,0.0012813472451034,7
5343d0649eca2a983820bfe93fc4d17e,SP,66,7,0.106060606060606,4.015384615384615,9656.619999999995,0.0012813472451034,2
3fd1e727ba94cfe122d165e176ce7967,SP,34,7,0.2058823529411764,4.0,2642.5000000000014,0.0012813472451034,1
5058e8c1e82653974541e83690655b4a,SP,59,7,0.1186440677966101,3.3448275862068964,9272.899999999992,0.0012813472451034,2
e62b2d6ac10570a035a30bafcf01d263,SP,61,7,0.1147540983606557,3.948275862068965,5430.479999999998,0.0012813472451034,2
1eade46fba20122dc4aefb379f8c636b,SP,58,7,0.1206896551724138,4.431034482758621,3635.369999999996,0.0012813472451034,2
669ae81880e08f269a64487cfb287169,SC,160,7,0.04375,4.283018867924528,13088.359999999995,0.0012813472451034,7
50c9975695009e5e6473912e83a6d1da,MG,50,7,0.14,3.938775510204082,4034.3000000000006,0.0012813472451034,1
7178f9f4dd81dcef02f62acdf8151e01,SC,202,7,0.0346534653465346,4.059701492537314,36795.400000000096,0.0012813472451034,7
3b15288545f8928d3e65a8f949a28291,SP,99,7,0.0707070707070707,4.112244897959184,13855.639999999985,0.0012813472451034,4
4371b634e0efc0e22b09b52907d9d469,SP,99,7,0.0707070707070707,4.510204081632653,7782.99,0.0012813472451034,4
59fb871bf6f4522a87ba567b42dafecf,SP,123,7,0.056910569105691,4.276422764227642,21178.60000000002,0.0012813472451034,5
fd386aa7bed2af3c7035c65506c9b4a3,SP,67,7,0.1044776119402985,4.373134328358209,2284.06,0.0012813472451034,2
37be5a7c751166fbc5f8ccba4119e043,SP,269,7,0.0260223048327137,4.327067669172933,54735.55000000002,0.0012813472451034,9
17a053fcb14bd219540cbde0df490be0,SP,124,7,0.0564516129032258,4.254098360655738,40601.530000000086,0.0012813472451034,5
75d34ebb1bd0bd7dde40dd507b8169c3,BA,57,7,0.1228070175438596,3.929824561403509,12656.32999999999,0.0012813472451034,2
99eaacc9e6046db1c82b163c5f84869f,SP,63,7,0.1111111111111111,4.0,12642.28,0.0012813472451034,2
fffd5413c0700ac820c7069d66d98c89,SP,56,7,0.125,3.909090909090909,8633.990000000002,0.0012813472451034,2
8b9d6eec4a7eb7d0f9d579ce0b38324d,RJ,47,7,0.1489361702127659,4.1063829787234045,4223.449999999997,0.0012813472451034,1
056b4ada5bbc2c50cc7842547dda6b51,RJ,64,7,0.109375,4.206349206349207,12203.39999999999,0.0012813472451034,2
01fdefa7697d26ad920e9e0346d4bd1b,PR,128,7,0.0546875,4.377952755905512,14842.529999999975,0.0012813472451034,6
04308b1ee57b6625f47df1d56f00eedf,SC,92,7,0.0760869565217391,3.945652173913044,58991.80000000009,0.0012813472451034,4
ce7d1888639e6fb06b2749cbfdac1ff7,MG,78,7,0.0897435897435897,4.166666666666667,12222.68,0.0012813472451034,3
f0b47fbbc6dee9aafe415a6e33051b3f,SP,66,7,0.106060606060606,4.303030303030303,3839.979999999999,0.0012813472451034,2
71039d19d4303bf9054d69e9a9236699,SP,34,7,0.2058823529411764,3.882352941176471,3507.300000000002,0.0012813472451034,1
23613d49c3ac2bd302259e55c06c050c,SP,62,6,0.0967741935483871,4.0,3871.100000000004,0.00109829763866,3
dd55f1bb788714a40e7954c3be6df745,SP,35,6,0.1714285714285714,3.742857142857143,7041.760000000003,0.00109829763866,1
3be634553519fb6536a03e1358e9fdc7,SP,79,6,0.0759493670886076,4.025316455696203,5203.419999999998,0.00109829763866,4
bfd27a966d91cfaafdb25d076585f0da,SP,114,6,0.0526315789473684,4.31858407079646,19225.0,0.00109829763866,6
1a3df491d1c4f1589fc2b934ada68bf2,SC,160,6,0.0375,4.275,22472.40000000004,0.00109829763866,7
f80edd2c5aaa505cc4b0a3b219abf4b8,SP,113,6,0.0530973451327433,4.196428571428571,8988.739999999985,0.00109829763866,6
ff1fb4c404b2efe68b03350a8dc24122,SP,45,6,0.1333333333333333,4.066666666666666,6772.889999999999,0.00109829763866,1
0ed6ce5d87fd9c69eaacaeb778d67235,SP,42,6,0.1428571428571428,4.390243902439025,2026.5200000000016,0.00109829763866,1
aba1721a889e04decc910aa13b768ef4,SP,81,6,0.074074074074074,4.444444444444445,14036.3,0.00109829763866,4
0d85bbda9889ce1f7e63778d24f346eb,MG,51,6,0.1176470588235294,4.2,4845.200000000003,0.00109829763866,2
0b90b6df587eb83608a64ea8b390cf07,PR,162,6,0.037037037037037,4.037267080745342,28841.749999999996,0.00109829763866,7
ec8879960bd2221d5c32f8e12f7da711,SP,35,6,0.1714285714285714,4.294117647058823,3957.500000000002,0.00109829763866,1
7008613ea464bad5cb9b83456e1e6a8f,SC,123,6,0.048780487804878,4.278688524590164,7538.699999999992,0.00109829763866,6
f4aba7c0bca51484c30ab7bdc34bcdd1,SP,107,6,0.0560747663551401,3.94392523364486,2917.000000000004,0.00109829763866,5
18a349e75d307f4b4cc646a691ed4216,SP,107,6,0.0560747663551401,3.650943396226415,7294.210000000001,0.00109829763866,5
c8b0e2b0a7095e5d8219575d5e7e1181,SP,83,6,0.072289156626506,4.097560975609756,12235.219999999988,0.00109829763866,4
66e0557ecc2b4dbea057e93f215f68d8,SP,30,6,0.2,4.033333333333333,12141.0,0.00109829763866,1
537eb890efff034a88679788b647c564,RJ,152,6,0.0394736842105263,4.282894736842105,4508.100000000001,0.00109829763866,7
834f8533b2ecb6598dd004ff3de7203a,SP,40,6,0.15,3.925,4260.43,0.00109829763866,1
0bf0150d5b9d60d9cd2906003332f085,SP,39,6,0.1538461538461538,3.789473684210526,5774.600000000001,0.00109829763866,1
dd2bdf855a9172734fbc3744021ae9b9,MG,105,6,0.0571428571428571,3.881188118811881,10606.99999999998,0.00109829763866,5
95e03ca3d4146e4011985981aeb959b9,RJ,169,6,0.0355029585798816,4.035928143712575,10744.25999999999,0.00109829763866,7
6860153b69cc696d5dcfe1cdaaafcf62,SP,74,6,0.081081081081081,4.095890410958904,3827.629999999996,0.00109829763866,4
c60b801f2d52c7f7f91de00870882a75,SP,38,6,0.1578947368421052,3.4473684210526314,11418.509999999998,0.00109829763866,1
3c03b12bab54d8b37d79d914bfdb1aa0,RJ,37,6,0.1621621621621621,3.8333333333333335,4460.339999999998,0.00109829763866,1
bd0389da23d89b726abf911cccc54596,DF,86,6,0.0697674418604651,4.209302325581396,7412.259999999989,0.00109829763866,4
0adac9fbd9a2b63cccaac4f8756c1ca8,SP,105,6,0.0571428571428571,4.114285714285714,15848.389999999978,0.00109829763866,5
6ec1a01e866584bb679eb9b098345919,SP,30,6,0.2,4.241379310344827,4014.81,0.00109829763866,1
79ebd9a61bac3eaf882805ed4ecfa12a,PR,132,6,0.0454545454545454,4.068181818181818,15238.87999999997,0.00109829763866,6
d673a59aac7a70d8b01e6902bf090a11,SP,71,6,0.0845070422535211,4.112676056338028,3677.050000000001,0.00109829763866,3
8e6cc767478edae941d9bd9eb778d77a,MG,99,6,0.0606060606060606,4.061855670103093,5783.449999999997,0.00109829763866,5
7e3f87d16fb353f408d467e74fbd8014,SP,91,6,0.0659340659340659,4.164835164835165,4702.990000000001,0.00109829763866,5
d13e50eaa47b4cbe9eb81465865d8cfc,SP,66,6,0.0909090909090909,4.818181818181818,7073.049999999991,0.00109829763866,3
048c2757535328e0d7dac690ad3c0aae,SP,50,6,0.12,4.244897959183674,9065.079999999998,0.00109829763866,2
a6fe7de3d16f6149ffe280349a8535a0,SP,50,6,0.12,4.040816326530612,2844.900000000003,0.00109829763866,2
e59aa562b9f8076dd550fcddf0e73491,PR,69,6,0.0869565217391304,4.260869565217392,30716.3,0.00109829763866,3
7ea5bfa6c340f58f8e71fc1f0412b0d6,MG,95,6,0.0631578947368421,4.223404255319149,10841.399999999989,0.00109829763866,5
1336efc61c316ddf92c899eb817f7cae,SP,69,6,0.0869565217391304,4.159420289855072,4863.379999999998,0.00109829763866,3
827f8f69dfa529c561901c4f2e0f332f,PR,91,6,0.0659340659340659,4.280898876404494,3408.390000000005,0.00109829763866,5
8444e55c1f13cd5c179851e5ca5ebd00,MG,91,6,0.0659340659340659,3.3846153846153846,21464.56000000001,0.00109829763866,5
2528513dd95219a6013d4d05176e391a,SP,155,6,0.0387096774193548,4.039473684210527,32897.000000000015,0.00109829763866,7
3df020b72d3d44b3af9d110fa3940b65,SP,54,5,0.0925925925925925,4.037037037037037,4965.0,0.0009152480322167,3
080102cd0a76b09e0dcf55fcacc60e05,MG,122,5,0.040983606557377,4.516393442622951,5667.549999999991,0.0009152480322167,7
17f51e7198701186712e53a39c564617,SP,56,5,0.0892857142857142,4.339285714285714,48098.99,0.0009152480322167,3
36a968b544695394e4e9d7572688598f,SP,146,5,0.0342465753424657,3.73972602739726,6838.710000000002,0.0009152480322167,8
ce248b21cb2adc36282ede306b7660e5,SC,64,5,0.078125,4.234375,13706.42999999999,0.0009152480322167,4
44073f8b7e41514de3b7815dd0237f4f,DF,142,5,0.0352112676056338,3.74468085106383,18421.54,0.0009152480322167,7
70c27847eca8195c983ed7e798c56743,RJ,76,5,0.0657894736842105,4.223684210526316,12235.52999999999,0.0009152480322167,5
e96498ed8daaa3e9c23f7a62da76591c,SP,34,5,0.1470588235294117,3.941176470588236,9619.089999999997,0.0009152480322167,1
0db783cfcd3b73998abc6e10e59a102f,SP,131,5,0.0381679389312977,4.2,9037.29999999999,0.0009152480322167,7
d05ae8f7a5bd1d2a690a44cd079e4e27,RJ,77,5,0.0649350649350649,3.8947368421052633,13344.33,0.0009152480322167,5
b76dba6c951ab00dc4edf0a1aa88037e,SP,157,5,0.0318471337579617,4.219354838709678,2545.3099999999986,0.0009152480322167,8
5a8e7d5003a1f221f9e1d6e411de7c23,SP,131,5,0.0381679389312977,4.175572519083969,10864.38999999998,0.0009152480322167,7
a420f60ff1aa9acc80d0e42959f2b313,SP,66,5,0.0757575757575757,4.0,7415.3,0.0009152480322167,4
715bbd5ba4e6b74cb0d2f29eb45058b0,SP,61,5,0.081967213114754,4.459016393442623,4042.3000000000025,0.0009152480322167,4
a888faf2d1baececa6baf9c3d603ee1f,PR,53,5,0.0943396226415094,4.09433962264151,17564.799999999996,0.0009152480322167,3
1c68394e931a64f90ea236c5ea590300,PR,139,5,0.0359712230215827,3.942446043165468,25000.84,0.0009152480322167,7
e2aee0892199b1d92530e371abd825bf,PR,36,5,0.1388888888888889,3.888888888888889,5849.659999999998,0.0009152480322167,1
640e21a7d01df7614a3b4923e990d40c,SP,110,5,0.0454545454545454,4.363636363636363,7327.480000000008,0.0009152480322167,6
23d7c96d4a1160db1c726b248601b25a,SP,50,5,0.1,3.9166666666666665,10658.239999999989,0.0009152480322167,3
1bb2bdb95f4841f1bba2c0d2cd83d3c9,SP,79,5,0.0632911392405063,4.628205128205129,4905.759999999996,0.0009152480322167,5
f7ccf836d21b2fb1de37564105216cc1,SP,67,5,0.0746268656716417,3.830769230769231,2690.3400000000006,0.0009152480322167,4
cee48807215b30a12ca2ca10ffb5f250,SP,38,5,0.131578947368421,3.8157894736842106,7192.229999999997,0.0009152480322167,1
1b4c3a6f53068f0b6944d2d005c9fc89,SC,110,5,0.0454545454545454,4.247706422018348,14433.589999999982,0.0009152480322167,6
7681ef142fd2c19048da7430856b5588,SP,56,5,0.0892857142857142,4.2727272727272725,30929.81,0.0009152480322167,3
903037660cf848a717166eb7a06d616e,SP,42,5,0.119047619047619,3.928571428571429,7855.199999999992,0.0009152480322167,2
99a54764c341d5dc80b4a8fac4eba3fb,SP,42,5,0.119047619047619,3.658536585365854,3568.76,0.0009152480322167,2
db4350fd57ae30082dec7acbaacc17f9,SP,130,5,0.0384615384615384,4.24031007751938,3199.349999999995,0.0009152480322167,7
710e3548e02bc1d2831dfc4f1b5b14d4,PR,130,5,0.0384615384615384,3.449612403100775,22328.95000000004,0.0009152480322167,7
4c498c7345e89aebad651544829beca0,SP,45,5,0.1111111111111111,4.355555555555555,4526.370000000001,0.0009152480322167,2
d6b1ce66b035a475f00c017792ff9769,SP,89,5,0.0561797752808988,4.318181818181818,12107.399999999994,0.0009152480322167,5
b18dc380845b24038cfc48006478f099,SP,43,5,0.1162790697674418,4.214285714285714,7753.960000000003,0.0009152480322167,2
d93919c944be9cff128f6c9cb899eacb,SP,33,5,0.1515151515151515,4.0,2666.7000000000016,0.0009152480322167,1
aafe36600ce604f205b86b5084d3d767,SC,128,5,0.0390625,4.40625,9197.58999999998,0.0009152480322167,7
23c38debaffe4a25a30fdbd9b586a13f,SP,41,5,0.1219512195121951,4.317073170731708,5479.060000000002,0.0009152480322167,2
2089a6d640999f9b9141ac719b2af596,SP,41,5,0.1219512195121951,3.926829268292683,7741.019999999999,0.0009152480322167,2
406822777a0b9eb5c50e442dd4cd3ec5,SP,44,5,0.1136363636363636,4.325581395348837,3548.090000000002,0.0009152480322167,2
318f287a62ab7ac10b703ac37435a231,SP,51,5,0.0980392156862745,3.92156862745098,2432.48,0.0009152480322167,3
56642bcb79900e777d68e91915cb4267,SP,48,4,0.0833333333333333,4.0625,3657.64,0.0007321984257733,3
e24fc9fcd865784fb25705606fe3dfe7,SP,51,4,0.0784313725490196,4.15686274509804,12768.0,0.0007321984257733,4
febab0275244b9a49a623f0bd613ca2f,SP,102,4,0.0392156862745098,4.480392156862745,7159.48,0.0007321984257733,7
00fc707aaaad2d31347cf883cd2dfe10,PR,101,4,0.0396039603960396,4.11,12727.299999999992,0.0007321984257733,7
282f23a9769b2690c5dda22e316f9941,MG,97,4,0.0412371134020618,4.381443298969073,6367.4000000000015,0.0007321984257733,7
9d4db00d65d7760644ac0c14edb5fd86,SP,97,4,0.0412371134020618,4.541666666666667,9845.709999999986,0.0007321984257733,7
82e0a475a88cc9595229d8029273f045,SP,41,4,0.0975609756097561,3.707317073170732,10827.019999999997,0.0007321984257733,3
86ccac0b835037332a596a33b6949ee1,SC,170,4,0.0235294117647058,4.276470588235294,15407.989999999978,0.0007321984257733,9
d98eec89afa3380e14463da2aabaea72,RS,165,4,0.0242424242424242,4.390243902439025,6913.529999999979,0.0007321984257733,9
6d803cb79cc31c41c4c789a75933b3c7,SP,58,4,0.0689655172413793,4.241379310344827,8711.399999999996,0.0007321984257733,4
165fc07beebdcb6190fba8a06db2a449,PR,47,4,0.0851063829787234,3.893617021276596,16882.309999999998,0.0007321984257733,3
7a241947449cc45dbfda4f9d0798d9d0,MG,56,4,0.0714285714285714,4.1454545454545455,7454.559999999996,0.0007321984257733,4
058fd0aa2bfdb2274e05e1ae971dabb6,SP,60,4,0.0666666666666666,4.366666666666666,7602.800000000001,0.0007321984257733,5
6fc26fe110feebd80a433e1f012a84f9,SP,35,4,0.1142857142857142,3.911764705882353,4150.869999999999,0.0007321984257733,2
8a130737016f838139d31878787a39c9,SP,56,4,0.0714285714285714,4.446428571428571,4222.029999999998,0.0007321984257733,4
834f3294fba9f932f56edc879193f925,SP,66,4,0.0606060606060606,4.545454545454546,40047.3,0.0007321984257733,5
2a84855fd20af891be03bc5924d2b453,MG,154,4,0.0259740259740259,4.372549019607843,15062.099999999962,0.0007321984257733,9
7b07b3c7487f0ea825fc6df75abd658b,SP,90,4,0.0444444444444444,4.411111111111111,9245.47,0.0007321984257733,7
0176f73cc1195f367f7b32db1e5b3aa8,SP,36,4,0.1111111111111111,4.194444444444445,4642.2,0.0007321984257733,2
d3f39f05462b79a4562d35893a28f159,SP,31,4,0.1290322580645161,3.741935483870968,2308.200000000001,0.0007321984257733,1
432c37c9dfba871172ec162e20118b8c,DF,44,4,0.0909090909090909,4.25,2679.87,0.0007321984257733,3
08633c14ef2db992c11f840f04fad4cd,SP,73,4,0.0547945205479452,4.383561643835616,7650.499999999992,0.0007321984257733,6
dee656f0f566ed1aa85bd137c943f08f,SP,90,4,0.0444444444444444,4.4,6192.17999999999,0.0007321984257733,7
db2956745b3a8e9f3785c99f34b5d25e,SP,45,4,0.0888888888888888,3.844444444444445,8382.9,0.0007321984257733,3
951e8cef368f09bb3f3d03c00ca4702c,SP,60,4,0.0666666666666666,4.206896551724138,3873.329999999995,0.0007321984257733,5
8cbac7e12637ed9cffa18c7875207478,SC,64,4,0.0625,4.265625,2880.98,0.0007321984257733,5
e067ad2c1c0b48758eb1b5228bcf7a68,SP,54,4,0.074074074074074,4.148148148148148,5042.55,0.0007321984257733,4
5b925e1d006e9476d738aa200751b73b,SP,63,4,0.0634920634920634,4.603174603174603,7748.5,0.0007321984257733,5
0cbcee27c791afa0cdcb08587a2013a8,MG,37,4,0.1081081081081081,4.0,5054.15,0.0007321984257733,2
070d165398b553f3b4b851c216b8a358,SP,30,4,0.1333333333333333,3.3666666666666667,3312.08,0.0007321984257733,1
c8467937e403e76a8ee9f0ab13f6f5ef,MG,30,4,0.1333333333333333,4.071428571428571,1853.7900000000004,0.0007321984257733,1
dd533b429f380718b70ad9922c294bae,SP,37,4,0.1081081081081081,4.0,2131.1800000000007,0.0007321984257733,2
8e8a7ce9f2f970dc00e2acf6f6e199f6,RJ,63,4,0.0634920634920634,3.984126984126984,8821.0,0.0007321984257733,5
1f9ab4708f3056ede07124aad39a2554,SP,76,4,0.0526315789473684,4.093333333333334,13356.529999999984,0.0007321984257733,6
0509040ea3fe50071181bbc359eb7738,MG,87,4,0.0459770114942528,4.476744186046512,3689.350000000005,0.0007321984257733,6
96493fab2fbb13a14d0c0e8772eef5c3,SP,63,4,0.0634920634920634,4.064516129032258,18969.0,0.0007321984257733,5
5b8154610ebb21fb90eb587365e673df,SP,37,4,0.1081081081081081,4.162162162162162,9048.049999999994,0.0007321984257733,2
6f892e20a171e98efe17fdb971ff319b,SP,41,4,0.0975609756097561,4.15,6048.999999999999,0.0007321984257733,3
670c26e0f1bf8d0576271d5cfaec6d2b,PR,77,4,0.0519480519480519,4.311688311688312,6289.099999999997,0.0007321984257733,6
14d7985702e72162bbf13b6beb74ab2b,SP,37,4,0.1081081081081081,4.324324324324325,3971.8,0.0007321984257733,2
7722b1df1b0e383e000397b2c11e3e19,SP,127,4,0.0314960629921259,4.267716535433071,6903.359999999987,0.0007321984257733,8
c33847515fa6305ce6feb1e818569f13,SC,112,4,0.0357142857142857,3.830357142857143,15680.960000000005,0.0007321984257733,7
a17f621c590ea0fab3d5d883e1630ec6,SP,60,4,0.0666666666666666,4.189655172413793,2649.399999999998,0.0007321984257733,5
0ffa40d54288e4f3499b8780dd0f144f,SP,33,4,0.1212121212121212,4.484848484848484,2162.8,0.0007321984257733,2
4a3ccda38b2129705f3fb522db62ca31,SP,62,4,0.064516129032258,4.032258064516129,15898.289999999988,0.0007321984257733,5
4c18691b6037662be2df78a765d98ab5,SP,62,4,0.064516129032258,3.85483870967742,3159.02,0.0007321984257733,5
cab85505710c7cb9b720bceb52b01cee,SP,200,4,0.02,4.331658291457287,11094.999999999964,0.0007321984257733,9
2d50d6282f8aa2257819a77bfaa0efe0,SP,40,4,0.1,3.925,2999.39,0.0007321984257733,3
11305281b50fff20ae8bb473f8e11876,MG,34,4,0.1176470588235294,4.294117647058823,6458.709999999999,0.0007321984257733,2
dbb9b48c841a0e39e21f98e1a6b2ec3e,SP,105,4,0.0380952380952381,4.314285714285714,7147.869999999989,0.0007321984257733,7
8a32e327fe2c1b3511609d81aaf9f042,SP,124,4,0.032258064516129,3.967479674796748,5931.149999999982,0.0007321984257733,8
1e8b33f18b4f7598d87f5cbee2282cc2,SP,121,4,0.0330578512396694,4.428571428571429,17479.35999999999,0.0007321984257733,8
3f3486b61f45078d4f31ee5e43d8c5bb,SP,39,4,0.1025641025641025,4.333333333333333,3769.729999999999,0.0007321984257733,2
624f4ece8da4aafb77699233d480f8ef,SP,51,4,0.0784313725490196,4.235294117647059,9224.79,0.0007321984257733,4
98dac6635aee4995d501a3972e047414,SP,84,4,0.0476190476190476,4.120481927710843,3983.0500000000025,0.0007321984257733,6
c3cfdc648177fdbbbb35635a37472c53,PR,276,4,0.0144927536231884,4.494545454545454,43336.870000000126,0.0007321984257733,10
b6d44737c043328708f6749c2dbe50bd,SP,60,4,0.0666666666666666,4.516666666666667,5440.24,0.0007321984257733,5
06579cb253ecd5a3a12a9e6eb6bf8f47,SP,60,4,0.0666666666666666,4.166666666666667,4518.500000000001,0.0007321984257733,5
f214d28e8d8e3ef068748498ccc2f813,SP,51,4,0.0784313725490196,4.26,2127.44,0.0007321984257733,4
5f2684dab12e59f83bef73ae57724e45,SP,67,4,0.0597014925373134,3.791044776119403,8870.96999999999,0.0007321984257733,5
93dc87703c046b603023e75222018b45,MG,32,3,0.09375,4.166666666666667,7720.35,0.00054914881933,3
20cb7c2fde3e5bf10f0bbe7394e1c6a9,PR,31,3,0.0967741935483871,4.096774193548387,844.9999999999997,0.00054914881933,3
6b3bd31ad8fcda4b2635ec9f3ff2ecdf,RJ,33,3,0.0909090909090909,4.151515151515151,3848.400000000001,0.00054914881933,3
f7720c4fa8e3aba4546301ab80ea1f1b,PR,57,3,0.0526315789473684,4.280701754385965,2006.8500000000008,0.00054914881933,6
d5ba419e26d246a0719437cf37d9b46d,SP,33,3,0.0909090909090909,4.0,3939.4900000000007,0.00054914881933,3
2ff97219cb8622eaf3cd89b7d9c09824,SP,86,3,0.0348837209302325,4.534883720930233,4335.800000000003,0.00054914881933,7
4559697a8f7e637227c2eeaed843baff,SP,39,3,0.0769230769230769,4.205128205128205,3486.300000000001,0.00054914881933,4
4e17c65a516f69d023a2ae78b84f28d6,SP,61,3,0.0491803278688524,4.229508196721311,7639.259999999997,0.00054914881933,6
c9aafcd0621b2207c10e32c649cada4d,SP,39,3,0.0769230769230769,4.410256410256411,2686.1600000000008,0.00054914881933,4
daeb5653dd96c1b11860f72209795012,MG,38,3,0.0789473684210526,4.2105263157894735,1864.1000000000008,0.00054914881933,4
e38db885400cd35c71dfd162f2c1dbcf,DF,30,3,0.1,4.466666666666667,2066.800000000001,0.00054914881933,2
ff063b022a9a0aab91bad2c9088760b7,SP,93,3,0.032258064516129,4.311827956989247,12150.64,0.00054914881933,8
5c6d4016c2a288f074fa0848a2b653d2,SP,30,3,0.1,4.133333333333334,3008.0000000000005,0.00054914881933,3
0c7533c71df861ec58ad7ff999ed0e8d,SP,60,3,0.05,4.2,3006.200000000003,0.00054914881933,6
01cf7e3d21494c41fb86034f2e714fa1,PR,59,3,0.0508474576271186,4.120689655172414,9439.559999999998,0.00054914881933,6
ebd2d60905fb58271facef5596b620d3,SP,81,3,0.037037037037037,4.222222222222222,7715.11999999999,0.00054914881933,7
80e6699fe29150b372a0c8a1ebf7dcc8,PR,95,3,0.031578947368421,4.372340425531915,11128.229999999989,0.00054914881933,8
d94a40fd42351c259927028d163af842,MG,96,3,0.03125,4.28421052631579,13406.69,0.00054914881933,8
994f04b3718c2bab35c2adfa8afecd2a,SP,46,3,0.0652173913043478,4.369565217391305,3239.900000000001,0.00054914881933,5
aaed1309374718fdd995ee4c58c9dfcd,SC,103,3,0.029126213592233,4.087378640776699,9158.249999999993,0.00054914881933,8
d650b663c3b5f6fb392b6326366efa9a,SP,56,3,0.0535714285714285,4.428571428571429,18106.9,0.00054914881933,6
25e6ffe976bd75618accfe16cefcbd0d,SP,105,3,0.0285714285714285,4.447619047619048,11584.109999999995,0.00054914881933,8
dbd66278cbfe1aa1000f90a217ca4695,SP,83,3,0.036144578313253,4.542168674698795,4837.899999999999,0.00054914881933,7
e8b4225284fbb02d16f200513f1f395d,SP,30,3,0.1,4.3,5638.619999999997,0.00054914881933,3
eeb6de78f79159600292e314a77cbd18,SC,82,3,0.0365853658536585,4.439024390243903,43510.84,0.00054914881933,7
dc317f341ab0e22f39acbd9dbf9b4a1f,RS,55,3,0.0545454545454545,4.1454545454545455,19047.299999999992,0.00054914881933,6
c847e075301870dd144a116762eaff9a,MG,41,3,0.073170731707317,4.2,15248.799999999988,0.00054914881933,4
1ce3ae5a399804d1a87e706f8a813c3e,SC,36,3,0.0833333333333333,3.8333333333333335,2435.300000000001,0.00054914881933,3
e333046ce6517bd8bb510291d44f0130,SP,68,3,0.0441176470588235,4.338235294117647,7342.280000000001,0.00054914881933,7
94144541854e298c2d976cb893b81343,RS,68,3,0.0441176470588235,4.253731343283582,17286.28,0.00054914881933,7
d9bd94811c3338dceb4181f3dbc0c73e,SP,54,3,0.0555555555555555,4.796296296296297,6911.019999999996,0.00054914881933,5
d50d79cb34e38265a8649c383dcffd48,SP,69,3,0.0434782608695652,4.25,13055.329999999987,0.00054914881933,7
f181738b150df1f37cb0bd72e705b193,SP,36,3,0.0833333333333333,4.472222222222222,5549.6,0.00054914881933,3
ad420dd0c4f92f8af951ac24b86d0cf5,MG,42,3,0.0714285714285714,4.125,4705.289999999998,0.00054914881933,4
1da366cade6d8276e7d8beea7af5d4bf,MG,42,3,0.0714285714285714,3.975609756097561,6387.59,0.00054914881933,4
4e7c18b98d84e05cbae3ff0ff03846c2,SP,81,3,0.037037037037037,4.2,9080.8,0.00054914881933,7
7b0df942f46435babab05d49b744b2c4,SP,32,3,0.09375,4.387096774193548,22600.630000000005,0.00054914881933,3
81a1104df0f08b59c68aa5b03cfe398e,PR,72,3,0.0416666666666666,4.314285714285714,9320.979999999989,0.00054914881933,7
45d33f715e24d15a6ccf5c17b3a23e3c,SP,52,3,0.0576923076923076,4.346153846153846,4412.569999999999,0.00054914881933,5
4992e76a42cb3aad7a7047e0d3d7e729,SP,52,3,0.0576923076923076,3.942307692307693,2052.7000000000007,0.00054914881933,5
8f119a0aee85c0c8fc534629734e94fd,SP,73,3,0.0410958904109589,4.342465753424658,3496.3900000000026,0.00054914881933,7
a7f13822ceb966b076af67121f87b063,SP,73,3,0.0410958904109589,3.4027777777777777,12017.689999999986,0.00054914881933,7
02f623a8eb246f3c5f7c2f96462654e6,SP,44,3,0.0681818181818181,4.558139534883721,6378.0,0.00054914881933,4
1caf283236cd69af44cbc09a0a1e7d32,RJ,33,3,0.0909090909090909,4.606060606060606,917.6,0.00054914881933,3
701938c450705b8ae65fc923b70f35c7,SP,74,3,0.0405405405405405,4.0,11879.289999999992,0.00054914881933,7
f62d7bb4a613ec758a03342d46b580b2,MG,32,3,0.09375,4.375,24665.0,0.00054914881933,3
688756f717c462a206ad854c5027a64a,SP,76,3,0.0394736842105263,3.96,5661.509999999997,0.00054914881933,7
e8f6dc8e6a1dcde89d20e3995c8d90b3,SP,34,3,0.088235294117647,4.029411764705882,2161.8300000000013,0.00054914881933,3
26d8a1c7c75d513045798992ead43aa2,PR,34,3,0.088235294117647,4.411764705882353,5937.1299999999965,0.00054914881933,3
d9a84e1403de8da0c3aa531d6d108ba6,SP,51,3,0.0588235294117647,4.725490196078432,1349.5000000000005,0.00054914881933,5
382229d1e840115ffe3dbf5ff460e417,RJ,44,3,0.0681818181818181,4.25,3997.16,0.00054914881933,4
6a0cbc8af2e8abd1bdfb777943d174c6,SP,34,3,0.088235294117647,4.03030303030303,3788.150000000001,0.00054914881933,3
2a7dc43cecabf23403078e2188437d1d,SP,50,3,0.06,4.18,4763.019999999998,0.00054914881933,5
6b243f80ed07b10f0e8aa0f21a205f3c,PR,78,3,0.0384615384615384,4.256410256410256,6295.869999999994,0.00054914881933,7
fdb9095204a334cd8872252ffec6f2db,SP,45,3,0.0666666666666666,4.155555555555556,8018.0,0.00054914881933,4
b4ffb71f0cb1b1c3d63fad021ecf93e1,SP,141,3,0.0212765957446808,4.26241134751773,6696.640000000001,0.00054914881933,9
5cf13accae3222c70a9cac40818ae839,MG,147,3,0.0204081632653061,4.5,14603.44999999999,0.00054914881933,9
09f952a5f58d2285b0372551ae8f9b01,SP,48,3,0.0625,3.8958333333333335,12206.47,0.00054914881933,5
e26901d5ab434ce92fd9b5c256820a4e,SP,197,3,0.015228426395939,4.203045685279188,11618.489999999958,0.00054914881933,9
9b00ed88b7fdb95d6ff76e27c1b52d16,SP,46,3,0.0652173913043478,4.543478260869565,1600.8800000000003,0.00054914881933,5
e8b3a3a38279a82f0e5d006d5e5b7d2c,PR,80,3,0.0375,4.0125,11832.38999999998,0.00054914881933,7
2745f798279e0ed033addcc1474776d7,SP,31,3,0.0967741935483871,3.933333333333333,3578.630000000001,0.00054914881933,3
05d2173d43ea568aa0540eba70d2ca76,MG,62,3,0.0483870967741935,4.183333333333334,5759.659999999998,0.00054914881933,6
c864036feaab8c1659f65ea4faebe1da,PR,58,2,0.0344827586206896,4.568965517241379,10454.19999999999,0.0003660992128866,8
63b464dbf392c7b80d12d932fa7cafed,SP,36,2,0.0555555555555555,3.861111111111111,6622.0,0.0003660992128866,5
25cf099de44674fde97473224f9d59ab,SP,50,2,0.04,4.326530612244898,1654.3600000000004,0.0003660992128866,7
062ce95fa2ad4dfaedfc79260130565f,RS,52,2,0.0384615384615384,4.096153846153846,7389.299999999996,0.0003660992128866,7
7d456afc660226829370f3173d14520c,SP,54,2,0.037037037037037,4.333333333333333,8336.039999999997,0.0003660992128866,7
cb3dd9ce66268c7a3ca7241ac70ab58c,SP,48,2,0.0416666666666666,4.1875,2788.3199999999983,0.0003660992128866,7
7202e2ba20579a9bd1acb29e61fe71f6,SP,51,2,0.0392156862745098,3.98,12085.699999999988,0.0003660992128866,7
cd06602b43d8800bd0afad514919d35c,SP,42,2,0.0476190476190476,3.809523809523809,2586.51,0.0003660992128866,6
729b2d09b2a0bdab221076327f13d050,SP,48,2,0.0416666666666666,4.5625,1805.210000000001,0.0003660992128866,7
afe0067131b73e40875c9b6c10bd2e21,MG,45,2,0.0444444444444444,4.2727272727272725,5040.499999999999,0.0003660992128866,7
b32be1695eb7ec5f10f72d9610a12527,RS,44,2,0.0454545454545454,4.1395348837209305,26575.0,0.0003660992128866,7
870d0118f7a9d85960f29ad89d5d989a,MG,43,2,0.0465116279069767,4.093023255813954,3052.310000000001,0.0003660992128866,6
3078096983cf766a32a06257648502d1,SP,56,2,0.0357142857142857,4.303571428571429,7910.839999999996,0.0003660992128866,7
abcd2cb37d46c2c8fb1bf071c859fc5b,MT,43,2,0.0465116279069767,4.348837209302325,4774.3200000000015,0.0003660992128866,6
c66dccfb3f109511246da627dd5a2498,SP,43,2,0.0465116279069767,4.558139534883721,12441.649999999996,0.0003660992128866,6
b39d7fe263ef469605dbb32608aee0af,SP,43,2,0.0465116279069767,3.928571428571429,5255.989999999999,0.0003660992128866,6
376a891762bbdecbc02b4b6adec3fdda,GO,57,2,0.0350877192982456,4.666666666666667,6406.229999999999,0.0003660992128866,7
05ff92fedb5be47920fea08e501238b9,RS,57,2,0.0350877192982456,4.315789473684211,21235.980000000003,0.0003660992128866,7
ba90964cff9b9e0e6f32b23b82465f7b,SP,38,2,0.0526315789473684,4.421052631578948,44212.5,0.0003660992128866,6
5f3ae9136c875522250f8184f253413a,SP,42,2,0.0476190476190476,4.642857142857143,1143.0500000000006,0.0003660992128866,6
c013e57c075a06e5b5c48ee03c525719,SP,42,2,0.0476190476190476,4.238095238095238,2078.74,0.0003660992128866,6
c6bda72e4dbf5c5866b13cb1810c6d03,SP,58,2,0.0344827586206896,4.448275862068965,14161.859999999991,0.0003660992128866,8
fcb5ace8bcc92f75707dc0f01a27d269,SP,58,2,0.0344827586206896,4.035087719298246,7932.699999999997,0.0003660992128866,8
43f8c9950d11ecd03a0304a49e010da6,SP,41,2,0.048780487804878,4.560975609756097,4249.589999999996,0.0003660992128866,6
31344c16881c08a8a72c6d2eb29918c1,MG,41,2,0.048780487804878,4.512195121951219,9484.899999999992,0.0003660992128866,6
aced59e9b31ef866a94f9e7f29d8d418,SP,59,2,0.0338983050847457,4.47457627118644,7303.579999999998,0.0003660992128866,8
116ccb1a1604bc88e4d234a8c23f33de,SP,59,2,0.0338983050847457,4.694915254237288,1925.19,0.0003660992128866,8
709e16e2b25c7474d980076c6bfc4806,SP,59,2,0.0338983050847457,4.508474576271187,5108.000000000002,0.0003660992128866,8
0ea22c1cfbdc755f86b9b54b39c16043,MG,225,2,0.0088888888888888,4.454954954954955,10415.879999999965,0.0003660992128866,10
6cd68b3ed6d59aaa9fece558ad360c0a,MG,147,2,0.0136054421768707,4.469387755102041,11178.469999999976,0.0003660992128866,10
78c99c6dff4eeae5be99bf635ed21e3f,SP,30,2,0.0666666666666666,4.533333333333333,1940.9800000000007,0.0003660992128866,5
b92e3c8f9738272ff7c59e111e108d7c,MG,60,2,0.0333333333333333,4.2,8052.139999999992,0.0003660992128866,8
259f7b5e6e482c230e5bfaa670b6bb8f,SP,135,2,0.0148148148148148,4.373134328358209,8434.889999999989,0.0003660992128866,10
cd6efc47efaabf134f8bdb654e10b4f1,RJ,31,2,0.064516129032258,4.483870967741935,4217.549999999999,0.0003660992128866,5
ce27a3cc3c8cc1ea79d11e561e9bebb6,SP,122,2,0.0163934426229508,4.188034188034188,9465.449999999992,0.0003660992128866,9
f789d2c4f2c2eb38fc4373e7a4b35264,MG,41,2,0.048780487804878,4.2926829268292686,4782.159999999997,0.0003660992128866,6
cce6ab8d1682639fe45ab70234f1665f,SP,61,2,0.0327868852459016,4.508196721311475,2442.7000000000007,0.0003660992128866,8
229c3efbfb0ea2058de4ccdfbc3d784a,MG,118,2,0.0169491525423728,3.623931623931624,15479.0,0.0003660992128866,9
1127b7f2594683f2510f1c2c834a486b,SP,109,2,0.018348623853211,4.211009174311927,6600.500000000003,0.0003660992128866,9
83deb69e889cf80f82be1dc6d5f2d486,SC,40,2,0.05,4.325,5363.009999999998,0.0003660992128866,6
6c7d50c24b3ccd2fd83b44d8bb34e073,SP,107,2,0.0186915887850467,4.528301886792453,8444.55,0.0003660992128866,9
289cdb325fb7e7f891c38608bf9e0962,SP,105,2,0.019047619047619,4.609523809523809,13394.939999999982,0.0003660992128866,9
33a6f4b1e7cdc205511e76ba1b6e0186,SP,102,2,0.0196078431372549,4.431372549019608,10125.009999999982,0.0003660992128866,9
ac3508719a1d8f5b7614b798f70af136,RS,100,2,0.02,4.636363636363637,12410.139999999976,0.0003660992128866,9
1838dd9b8977065acf51d95e0053ea7a,MG,62,2,0.032258064516129,4.370967741935484,2750.500000000003,0.0003660992128866,8
2bf6a2c1e71bbd29a4ad64e6d3c3629f,RJ,30,2,0.0666666666666666,4.166666666666667,50628.90000000001,0.0003660992128866,4
7dc8c42cc750eeafea6c85712ffee9bf,SP,40,2,0.05,4.275,6360.679999999999,0.0003660992128866,6
2a6fbeaa7ab9e5d59a35841a8da71ce4,SC,30,2,0.0666666666666666,3.931034482758621,1700.6900000000007,0.0003660992128866,4
b56906f7fd1696e043f1bcce164c487b,SP,40,2,0.05,4.0,2188.29,0.0003660992128866,6
76d64c4aca3a7baf218bf93ef7fa768d,PR,63,2,0.0317460317460317,4.222222222222222,16701.78999999999,0.0003660992128866,8
a2e874074c877c5a05abae80ad6e488f,SP,40,2,0.05,4.25,7355.000000000002,0.0003660992128866,6
b94cc9f10ddc85e4ba73a6f7974e7101,RJ,39,2,0.0512820512820512,4.297297297297297,25346.100000000013,0.0003660992128866,6
20d83f3ef0e6925fd74bfd59170babf7,SP,39,2,0.0512820512820512,4.410256410256411,2988.7000000000016,0.0003660992128866,6
5b179e9e8cc7ab6fd113a46ca584da81,SP,34,2,0.0588235294117647,3.6666666666666665,5173.499999999999,0.0003660992128866,5
8a432f4e5b471f8da497d7dc517666e2,SP,93,2,0.021505376344086,4.239130434782608,7633.699999999999,0.0003660992128866,9
bf84056e679dbe9c69929847a40e338f,SP,35,2,0.0571428571428571,3.7714285714285714,1918.08,0.0003660992128866,5
113e3a788b935f48aad63e1c41dac1bd,SP,39,2,0.0512820512820512,4.315789473684211,847.3500000000003,0.0003660992128866,6
750303a20e9c56b2a6bc45cdce0b897d,GO,53,2,0.0377358490566037,4.30188679245283,7875.999999999997,0.0003660992128866,7
bd23da7354813347129d751591d1a6e2,SP,85,2,0.0235294117647058,4.119047619047619,9771.499999999987,0.0003660992128866,9
066a6914e1ebf3ea95a216c73a986b91,PR,65,2,0.0307692307692307,4.123076923076923,8995.289999999995,0.0003660992128866,8
dc8798cbf453b7e0f98745e396cc5616,SP,35,2,0.0571428571428571,3.3714285714285714,1733.000000000001,0.0003660992128866,5
9674754b5a0cb32b638cec001178f799,SP,84,2,0.0238095238095238,4.107142857142857,4960.630000000001,0.0003660992128866,9
966cb4760537b1404caedd472cc610a5,SP,67,2,0.0298507462686567,4.134328358208955,46428.25000000001,0.0003660992128866,8
30a2f535bb48308f991d0b9ad4a8c4bb,SP,67,2,0.0298507462686567,4.432835820895522,4546.600000000003,0.0003660992128866,8
3ab971ce71839580d2ae5b4e40fe8044,SP,35,2,0.0571428571428571,3.911764705882353,4917.000000000001,0.0003660992128866,5
8bb48dc19fccaa8613b6229bf7f452a2,SP,81,2,0.0246913580246913,4.45679012345679,4186.369999999999,0.0003660992128866,9
276677b5d08786d5dce7c2149dcce48b,MG,31,2,0.064516129032258,4.032258064516129,3424.200000000001,0.0003660992128866,5
e63e8bfa530fb16910dd6956e592bb81,SP,38,2,0.0526315789473684,4.2631578947368425,1214.9899999999998,0.0003660992128866,6
9646c3513289980f17226a2fc4720dbd,SP,69,2,0.0289855072463768,4.449275362318841,2964.400000000003,0.0003660992128866,8
75fbb52eda0cbc24f479d3b2fbfa8d3e,GO,37,2,0.054054054054054,4.4324324324324325,1079.2899999999995,0.0003660992128866,6
516e7738bd8f735ac19a010ee5450d8d,RJ,72,2,0.0277777777777777,4.694444444444445,6394.389999999998,0.0003660992128866,8
99002261c568a84cce14d43fcffb43ea,MT,36,2,0.0555555555555555,3.7222222222222223,4117.0,0.0003660992128866,5
9e6229250fedbe05838fef417b74e7fb,SP,73,2,0.0273972602739726,3.8904109589041096,13602.719999999985,0.0003660992128866,8
9de4643a8dbde634fe55621059d92273,SC,72,2,0.0277777777777777,4.527777777777778,17640.23999999999,0.0003660992128866,8
0432ead42b6c8a0bdf68154add917fdf,SP,81,2,0.0246913580246913,4.530864197530864,7719.499999999988,0.0003660992128866,9
efcd8d2104f1a05d028af7bad20d974b,SP,43,1,0.0232558139534883,4.348837209302325,2349.4999999999995,0.0001830496064433,9
12b9676b00f60f3b700e83af21824c0e,RS,133,1,0.0075187969924812,4.553030303030303,26376.0,0.0001830496064433,10
fde0cc9ea29c8ccfc0a2c22256a58c71,PR,35,1,0.0285714285714285,4.485714285714286,3922.0,0.0001830496064433,8
240b9776d844d37535668549a396af32,RJ,35,1,0.0285714285714285,4.342857142857143,13332.089999999997,0.0001830496064433,8
bf3c6d2a28b2b5501e6c15448982dcc9,SP,35,1,0.0285714285714285,4.6,3956.500000000002,0.0001830496064433,8
96804ea39d96eb908e7c3afdb671bb9e,MG,36,1,0.0277777777777777,4.222222222222222,3529.8999999999983,0.0001830496064433,8
3586b8580d9c917874e053a1bb37b5ff,SP,36,1,0.0277777777777777,4.416666666666667,1524.7000000000005,0.0001830496064433,8
66dc1b1632bd6a3e508510c5b3492107,SP,36,1,0.0277777777777777,3.638888888888889,3642.1800000000017,0.0001830496064433,8
32b8764b4ef628b53608fc34011fcc13,SC,36,1,0.0277777777777777,4.194444444444445,8969.0,0.0001830496064433,8
594f9aaa48e5bf431f011ddc5669b0d5,MG,37,1,0.027027027027027,4.594594594594595,3248.800000000002,0.0001830496064433,8
5a93f3ab0ef4c84ed5e1b5dbf23978bc,SP,38,1,0.0263157894736842,4.789473684210527,2299.28,0.0001830496064433,8
d23019c84ffae2d5ef2270367b8605fc,PR,38,1,0.0263157894736842,4.394736842105263,29180.19000000001,0.0001830496064433,8
bacb1f0ed56ad24198f5810d2b3fe9a5,SP,38,1,0.0263157894736842,4.324324324324325,6143.039999999997,0.0001830496064433,9
7f7b8245c336066a1f9933c359f11d77,SP,38,1,0.0263157894736842,4.552631578947368,2094.36,0.0001830496064433,9
d66c305afaec317ebee552073a674429,MG,38,1,0.0263157894736842,4.447368421052632,4180.39,0.0001830496064433,9
d1b65fc7debc3361ea86b5f14c68d2e2,SP,39,1,0.0256410256410256,4.641025641025641,11413.169999999993,0.0001830496064433,9
1d4587203296c8f4ad134dc286fa6db0,SP,39,1,0.0256410256410256,4.358974358974359,2223.000000000001,0.0001830496064433,9
55a5b51f93f2b70ea513f5a047b0262a,MG,39,1,0.0256410256410256,4.461538461538462,4023.799999999998,0.0001830496064433,9
42bde9fef835393bb8a8849cb6b7f245,DF,34,1,0.0294117647058823,4.352941176470588,7574.0,0.0001830496064433,8
9add47bf45ce8e8c7db6b9cf670b1e09,PR,41,1,0.024390243902439,4.225,4642.670000000001,0.0001830496064433,9
a3dd39f583bc80bd8c5901c95878921e,BA,34,1,0.0294117647058823,4.588235294117647,4607.810000000001,0.0001830496064433,8
3d8fa2f5b647373c8620330c4e077a9f,SP,42,1,0.0238095238095238,4.243902439024391,3570.639999999999,0.0001830496064433,9
4e06067cc08b3f41d837768d392c3ee3,MG,30,1,0.0333333333333333,4.2,934.72,0.0001830496064433,8
58f1a6197ed863543e0136bdedb3fce2,MG,42,1,0.0238095238095238,4.142857142857143,6634.9,0.0001830496064433,9
8bd0f31cf0a614c658f6763bd02dea69,SP,33,1,0.0303030303030303,4.28125,4534.339999999997,0.0001830496064433,8
b839e41795b7f3ad94cc2014a52f6796,SP,33,1,0.0303030303030303,4.090909090909091,42829.0,0.0001830496064433,8
3f995f07c49d0d55a99d5c54957f7d81,SP,43,1,0.0232558139534883,4.209302325581396,3955.7,0.0001830496064433,9
e0a366315b1b726b6c7832d664c0f530,SP,43,1,0.0232558139534883,4.3023255813953485,7577.589999999997,0.0001830496064433,9
33a17d60c64393351ebf1ef860f4e0f2,RS,43,1,0.0232558139534883,4.627906976744186,8217.480000000003,0.0001830496064433,9
ea67327e24487bdfac5fbfa37ea124df,SP,32,1,0.03125,3.53125,6419.08,0.0001830496064433,8
b8bc237ba3788b23da09c0f1f3a3288c,SC,45,1,0.0222222222222222,4.318181818181818,13685.709999999995,0.0001830496064433,9
c68fb906c8f4b4b946d8386bfa6e5467,SP,45,1,0.0222222222222222,4.5227272727272725,4541.160000000002,0.0001830496064433,9
f680f85bee2d253556ac91be391d2c82,SP,45,1,0.0222222222222222,4.333333333333333,5183.919999999996,0.0001830496064433,9
bccf933e006e9b94a6184af782963e77,SP,45,1,0.0222222222222222,4.5227272727272725,4162.739999999998,0.0001830496064433,9
cc5a78bbad32776dc4e3af205218368c,MG,32,1,0.03125,4.46875,4412.569999999999,0.0001830496064433,8
83e197e95a1bbabc8c75e883ed016c47,RJ,46,1,0.0217391304347826,4.804347826086956,6574.189999999999,0.0001830496064433,9
381c83fdca332ea6afd896da20bf6e4a,PR,46,1,0.0217391304347826,4.391304347826087,7355.799999999999,0.0001830496064433,9
2a5b78b41cd05baeac8df54c6606b92c,MG,46,1,0.0217391304347826,4.543478260869565,15623.280000000002,0.0001830496064433,9
0ef83d7d83ed97cd2a0049ac8be5f88a,PR,46,1,0.0217391304347826,4.2444444444444445,4086.120000000001,0.0001830496064433,9
138dbe45fc62f1e244378131a6801526,SP,46,1,0.0217391304347826,4.239130434782608,1083.7599999999995,0.0001830496064433,9
232a6014e7b10cba61c6c2b2ea6bb4b0,SP,32,1,0.03125,4.15625,3819.9700000000016,0.0001830496064433,8
95f83f51203c626648c875dd41874c7f,MG,47,1,0.0212765957446808,3.787234042553192,3088.580000000002,0.0001830496064433,9
3c4e0452bff7a2a788179488d3d77032,PR,32,1,0.03125,3.838709677419355,3746.400000000002,0.0001830496064433,8
0691148aee60ca47977c187804f935ae,PR,47,1,0.0212765957446808,4.170212765957447,6178.209999999998,0.0001830496064433,9
4c03b9dd4c11ee2cb35c96c49efc9420,SP,48,1,0.0208333333333333,4.1063829787234045,6513.599999999999,0.0001830496064433,9
3340ef1913fb70d28420f6ceb685c339,PR,32,1,0.03125,4.375,6769.949999999997,0.0001830496064433,8
751bdc4d83a466c7206cd42e8f426b03,SP,49,1,0.0204081632653061,4.0212765957446805,6415.069999999994,0.0001830496064433,9
72c5da29406b4234927b81855e7b64f6,SP,31,1,0.032258064516129,4.129032258064516,11846.689999999997,0.0001830496064433,8
dfc5fb7259bb2b599ca565e6e9448f0f,SP,31,1,0.032258064516129,4.193548387096774,5939.739999999997,0.0001830496064433,8
33576ec5412fb5905d876f12f33bfde6,PR,31,1,0.032258064516129,4.096774193548387,2718.0,0.0001830496064433,8
4917cee8d902e13428c3ec4b1ca6f315,SC,31,1,0.032258064516129,4.161290322580645,5103.9,0.0001830496064433,8
6c177e38df6d3f34182b1f1d427231bf,PR,53,1,0.0188679245283018,4.150943396226415,8112.889999999999,0.0001830496064433,9
a5cba26a62b8b4d0145b68b841e62e7f,PR,53,1,0.0188679245283018,4.566037735849057,14438.839999999998,0.0001830496064433,9
f00e21b1e91a79653163b7fd8f293ff1,SP,31,1,0.032258064516129,4.1,3900.0900000000015,0.0001830496064433,8
2dee2ce60de9709b1a24083217181a1f,MT,54,1,0.0185185185185185,4.425925925925926,7784.499999999998,0.0001830496064433,9
18e694e0e48ed6f7aa3f24aade5fd697,SP,31,1,0.032258064516129,4.67741935483871,701.5399999999996,0.0001830496064433,8
1b8356dabde1d35e17cef975c3f82730,SP,55,1,0.0181818181818181,4.218181818181818,3366.3999999999983,0.0001830496064433,9
582d4f8675b945722eda7c0cb61ba4c7,SP,55,1,0.0181818181818181,4.218181818181818,4616.979999999995,0.0001830496064433,9
3bdff180c7e1f6551a643b99c265a120,SP,56,1,0.0178571428571428,4.254545454545455,3008.200000000003,0.0001830496064433,9
6481e96574816ead57975da2c0f6d80d,SP,31,1,0.032258064516129,4.258064516129032,3297.9,0.0001830496064433,8
91f848e9f4be368f4318775aac733370,SP,60,1,0.0166666666666666,4.396551724137931,5668.609999999994,0.0001830496064433,9
5f1dc28029d2c244352a68107ec2b542,SP,60,1,0.0166666666666666,4.47457627118644,2704.400000000002,0.0001830496064433,9
5d3bb11474a06bdc23fb9e89f1164ee0,SP,31,1,0.032258064516129,3.903225806451613,3654.6,0.0001830496064433,8
520b493b57809f446cb0a233bb3e25c7,SP,62,1,0.0161290322580645,4.354838709677419,3680.900000000001,0.0001830496064433,9
822166ed1e47908f7cfb49946d03c726,RJ,64,1,0.015625,4.095238095238095,3431.570000000001,0.0001830496064433,9
cb8bcce248bb1fb274ba762d8b971456,MG,65,1,0.0153846153846153,4.323076923076923,9012.499999999987,0.0001830496064433,9
45ba18c210d42734ec52c0c1c574e9ee,SP,34,1,0.0294117647058823,4.147058823529412,5104.220000000001,0.0001830496064433,8
b335c59ab742f751a85db9c411a86739,MG,30,1,0.0333333333333333,4.033333333333333,2640.010000000001,0.0001830496064433,8
48162d548f5b1b11b9d29d1e01f75a61,SP,66,1,0.0151515151515151,3.984848484848485,20650.08999999999,0.0001830496064433,9
ca3bd7cd9f149df75950150d010fe4a2,SP,67,1,0.0149253731343283,4.104477611940299,9227.29,0.0001830496064433,9
02f5837340d7eb4f653d676c7256523a,PR,30,1,0.0333333333333333,4.833333333333333,3883.0499999999975,0.0001830496064433,8
974cf2cb8f4b7add98709c30df02fe10,SP,30,1,0.0333333333333333,4.166666666666667,2694.6999999999985,0.0001830496064433,8
dfa0c4c6229ab200a4a1336b4d7128ff,SC,73,1,0.0136986301369863,4.109589041095891,4668.200000000002,0.0001830496064433,10
01fd077212124329bac32490e8ef80d9,SP,30,1,0.0333333333333333,4.233333333333333,1205.0,0.0001830496064433,8
d12c926d74ceff0a90a21184466ce161,SP,74,1,0.0135135135135135,4.391891891891892,3760.580000000003,0.0001830496064433,10
d921b68bf747894be13a97ae52b0f386,MG,76,1,0.0131578947368421,4.605263157894737,15422.799999999994,0.0001830496064433,10
744dac408745240a2c2528fb1b6028f3,PR,78,1,0.0128205128205128,4.576923076923077,22561.6,0.0001830496064433,10
080199a181c46c657dc5aa235411be3b,SP,79,1,0.0126582278481012,4.615384615384615,14504.199999999986,0.0001830496064433,10
609e1a9a6c2539919b8205cf7c4e6ff0,SC,80,1,0.0125,3.935897435897436,6238.729999999996,0.0001830496064433,10
0df3984f9dfb3d49ac6366acbd3bbb85,MG,85,1,0.0117647058823529,4.423529411764706,9870.479999999989,0.0001830496064433,10
725c32fa80c2faacc4fc88450d27314e,SP,89,1,0.0112359550561797,4.517241379310345,7937.87999999999,0.0001830496064433,10
530ec6109d11eaaf87999465c6afee01,PR,94,1,0.0106382978723404,4.340425531914893,12682.109999999986,0.0001830496064433,10
5c243662ce92d84573bfaff24c3e3700,SP,98,1,0.010204081632653,4.144329896907217,32862.020000000026,0.0001830496064433,10
612170e34b97004b3ba37eae81836b4c,RS,106,1,0.0094339622641509,4.433962264150943,22972.52000000002,0.0001830496064433,10
8c16d1f32a54d92897cc437244442e1b,SC,108,1,0.0092592592592592,4.355140186915888,5682.899999999997,0.0001830496064433,10
3c487ae8f8d7542beff5788e2e0aea83,DF,30,1,0.0333333333333333,4.2,9385.699999999995,0.0001830496064433,8
17ca9b9e9b9ef8fdb529001b49ebb50f,MG,114,1,0.0087719298245614,4.087719298245614,9667.78,0.0001830496064433,10
0bae85eb84b9fb3bd773911e89288d54,SP,130,1,0.0076923076923076,4.323076923076923,7193.989999999987,0.0001830496064433,10
9d5a9018aee56acb367ba9c3f05d1d6a,GO,65,1,0.0153846153846153,4.492307692307692,10056.649999999996,0.0001830496064433,9
06e5eefc71ec47ae763c5c6f8db7064f,RS,90,0,0.0,3.977272727272727,21908.560000000016,0.0,10
6b90f847357d8981edd79a1eb1bf0acb,SP,45,0,0.0,4.355555555555555,3322.0800000000017,0.0,10
5cbbd5a299cab112b7bf23862255e43e,PR,34,0,0.0,4.352941176470588,2635.84,0.0,10
9baf5cb77970f539089d09a38bcec5c3,SP,31,0,0.0,4.419354838709677,5989.679999999996,0.0,10
bba74270a87732727b5a3b4fd9ac1c39,MG,35,0,0.0,4.057142857142857,5964.599999999996,0.0,10
4da0e408c99d2fdc2126dc9fce518060,PR,44,0,0.0,4.409090909090909,3089.920000000001,0.0,10
6338ea67c41078a46ad99cc009654956,RS,36,0,0.0,4.617647058823529,2276.1000000000013,0.0,10
e882b2a25a10b9c057cc49695f222c19,RJ,57,0,0.0,4.578947368421052,51057.54,0.0,10
b372ee768ed69e46ca8cdbd267aa7a38,SP,63,0,0.0,4.428571428571429,12630.0,0.0,10
9616352088dcf83a7c06637f4ebf1c80,PR,91,0,0.0,4.351648351648351,5643.099999999995,0.0,10
f3b80352b986ab4d1057a4b724be19d0,DF,86,0,0.0,4.209302325581396,9815.099999999997,0.0,10
325f3178fb58e2a9778334621eecdbf9,SP,33,0,0.0,4.575757575757576,927.9299999999996,0.0,10
ed4acab38528488b65a9a9c603ff024a,SP,31,0,0.0,3.806451612903226,12648.459999999995,0.0,10
fa1a9dec3a9940c072684a46728bf1fc,SC,53,0,0.0,4.173076923076923,6638.189999999997,0.0,10
33ac3e28642ab8bda860a2f693000e78,SP,33,0,0.0,4.303030303030303,3556.13,0.0,10
5160d23075764e18e07c1f4a87fad743,SP,30,0,0.0,4.566666666666666,2124.0,0.0,10
cc63f0dd2acba93ffed4fe9f8e0321fa,SP,55,0,0.0,4.090909090909091,7096.709999999998,0.0,10
f67efa3f0b6761102a7f8c6b7b571f5d,PR,31,0,0.0,4.483870967741935,5318.169999999997,0.0,10
81f89e42267213cb94da7ddc301651da,SP,45,0,0.0,3.733333333333333,3886.0,0.0,10
65febd49fd28ec955651299159b1f527,SP,33,0,0.0,4.454545454545454,4136.709999999998,0.0,10
fc906263ca5083d09dce42fe02247800,MG,112,0,0.0,4.375,4437.800000000002,0.0,10
fad44952713764836814be105382aee5,RJ,32,0,0.0,4.28125,5207.0,0.0,10
b1a81260566c1bac3114a6d124413f27,RS,51,0,0.0,4.2745098039215685,8921.949999999992,0.0,10
34d1ca11b242c0fee2c834ae8d788566,MG,40,0,0.0,4.333333333333333,13422.239999999996,0.0,10
48efc9d94a9834137efd9ea76b065a38,PR,33,0,0.0,5.0,345.6,0.0,10
8ae520247981aa06bc94abddf5f46d34,SC,65,0,0.0,4.446153846153846,16320.989999999998,0.0,10
d566c37fa119d5e66c4e9052e83ee4ea,SP,64,0,0.0,4.682539682539683,5077.799999999997,0.0,10
3bb548e3cb7f70f28e3f11ee9dce0e59,PR,42,0,0.0,4.357142857142857,6285.620000000002,0.0,10
b1ac6ea7895bc3dd6f0f6f4abbdd2821,RS,38,0,0.0,4.526315789473684,2962.0,0.0,10
e49c26c3edfa46d227d5121a6b6e4d37,PE,34,0,0.0,4.5588235294117645,3644.249999999999,0.0,10
0ebd97a106433a45a4aebe57c1799778,MG,31,0,0.0,4.483870967741935,3230.600000000002,0.0,10
718539d38d07dd351c76db862760e2e2,SP,35,0,0.0,4.628571428571429,1287.81,0.0,10
d57e18d5f73c7ccb7f7339b61166898d,SP,60,0,0.0,4.45,3151.800000000004,0.0,10
acce39e832338debb07b02385cde5967,MG,44,0,0.0,4.477272727272728,4793.1,0.0,10
2b3e4a2a3ea8e01938cabda2a3e5cc79,SP,52,0,0.0,4.365384615384615,24034.02999999999,0.0,10
31561f325664a8a7aba4c8d0c3a9b3db,SP,36,0,0.0,4.638888888888889,2776.180000000001,0.0,10
57e632711dec9ec14ca7546769483e7e,SC,61,0,0.0,4.409836065573771,6417.06,0.0,10
b90e891671cffd9557f33a97dc523645,PR,34,0,0.0,4.323529411764706,4538.9,0.0,10
aae3bfea055532c57fb453ed3ec80b30,SP,47,0,0.0,3.652173913043478,3028.9299999999994,0.0,10
3504c0cb71d7fa48d967e0e4c94d59d9,SP,53,0,0.0,4.415094339622642,2359.840000000001,0.0,10
6df688df543f90e9b38f4319e75a9d88,MG,39,0,0.0,4.564102564102564,1891.760000000001,0.0,10
b410bdd36d5db7a65dcd42b7ead933b8,GO,42,0,0.0,4.809523809523809,7368.9,0.0,10
bd4889b5e9133b35b66e42a8665cea5c,SP,36,0,0.0,4.4,6271.9,0.0,10
