customer_state,orders,late_rate,avg_delivery_days,avg_promised_days,avg_distance_km,avg_review,late_rank
AL,397,0.2141057934508816,24.50125944584383,33.20906801007557,1833.485366432413,3.847715736040609,1
MA,717,0.1743375174337517,21.51185495118549,31.0836820083682,2100.4696345555208,3.832865168539326,2
SE,335,0.1522388059701492,21.46268656716418,31.48358208955224,1647.794967545207,3.907185628742515,3
PI,476,0.1386554621848739,19.39495798319328,30.701680672268907,1957.285254824434,3.993630573248408,4
CE,1279,0.1376075058639562,21.200156372165758,32.004691164972634,2186.3137250718664,3.9442262372348784,5
RR,41,0.1219512195121951,29.341463414634145,46.63414634146341,3243.631172950398,3.902439024390244,6
BA,3256,0.1216216216216216,19.27856265356265,30.073095823095823,1344.1537756349742,3.930628677609167,7
RJ,12350,0.1210526315789473,15.237004048582996,26.998218623481783,488.5495272776345,3.965440995823438,8
PA,946,0.1120507399577167,23.725158562367863,37.79175475687104,2282.156968138361,3.9142550911039655,9
ES,1995,0.1072681704260651,15.723809523809525,26.22005012531328,802.2415328842415,4.078720162519045,10
PB,517,0.104448742746615,20.38878143133462,33.64990328820116,2091.4458235798816,4.076171875,11
TO,274,0.0985401459854014,17.598540145985403,29.72992700729927,1484.897508555139,4.153846153846154,12
MS,701,0.0970042796005706,15.54493580599144,26.59771754636234,845.8954232468653,4.161659513590844,13
PE,1593,0.096045197740113,18.3954802259887,31.689265536723163,1968.9193177187683,4.082963901203294,14
RN,474,0.0928270042194092,19.223628691983123,32.87341772151899,2104.4728027823376,4.150743099787686,15
SC,3546,0.0820642978003384,14.902989283699943,26.4063733784546,572.4793680642007,4.133560670645069,16
GO,1957,0.0654062340316811,15.536024527337762,27.721512519161983,778.2382470833512,4.105858170606372,17
RS,5344,0.060815868263473,15.248502994011975,29.158869760479043,863.6852955459779,4.184754036800601,18
MT,886,0.0598194130925507,18.003386004514674,32.36681715575621,1351.5608584571332,4.145620022753128,19
DF,2080,0.0567307692307692,12.899038461538462,24.947115384615383,836.3891360137137,4.131400966183575,20
MG,11354,0.0457107627267923,11.944953320415712,25.187951382772592,532.6718743916209,4.192290651307045,21
SP,40494,0.0449449301131031,8.70057292438386,19.77611497999704,249.60222360203989,4.245790493220087,22
PR,4923,0.0404225066016656,11.938045906967297,25.252285191956123,485.7049074058593,4.239795918367347,23
AC,80,0.0375,21.0,41.725,2664.3675948375226,4.0875,24
AP,67,0.0298507462686567,27.17910447761194,46.865671641791046,2598.914571544506,4.242424242424242,25
RO,243,0.0288065843621399,19.28395061728395,39.38683127572016,2227.800333186809,4.1652892561983474,26
AM,145,0.0275862068965517,26.35862068965517,45.92413793103448,2643.775211287783,4.243055555555555,27
