order_month,orders,late_rate,avg_review,avg_delivery_days
2016-09-01,1,1.0,1.0,55.0
2016-10-01,265,0.0075471698113207,4.011450381679389,19.633962264150945
2016-12-01,1,0.0,5.0,5.0
2017-01-01,750,0.0293333333333333,4.198380566801619,12.753333333333334
2017-02-01,1653,0.0296430732002419,4.203286670724284,13.300060496067756
2017-03-01,2546,0.0455616653574234,4.186782746339533,13.044383346425766
2017-04-01,2303,0.065566652192792,4.135371179039302,15.02301346070343
2017-05-01,3545,0.0299012693935119,4.236280921239693,11.427080394922426
2017-06-01,3135,0.0303030303030303,4.222757955641273,12.012759170653908
2017-07-01,3872,0.027892561983471,4.259500260281103,11.488894628099173
2017-08-01,4193,0.0290961125685666,4.312845138055222,11.016455998092058
2017-09-01,4150,0.0438554216867469,4.267848470131131,11.722650602409638
2017-10-01,4478,0.0417597141581062,4.204903283850652,11.73313979455114
2017-11-01,7288,0.12403951701427,3.988807516926904,15.073133918770582
2017-12-01,5513,0.0745510611282423,4.088445339681377,15.30564121168148
2018-01-01,7069,0.0570094780025463,4.108512762013404,14.005799971707455
2018-02-01,6555,0.1412662090007627,3.880590133702167,16.87337909992372
2018-03-01,7003,0.1896330144223904,3.812607944732297,16.23761245180637
2018-04-01,6798,0.0450132391879964,4.205864928909953,11.419388055310383
2018-05-01,6749,0.0656393539783671,4.236387979767926,11.336494295451178
2018-06-01,6096,0.0116469816272965,4.307312252964427,9.164534120734908
2018-07-01,6156,0.0337881741390513,4.317423994769532,8.887751786874594
2018-08-01,6351,0.0618800188946622,4.310268562401264,7.658164068650606
